id;title;body;author
1;Singapore Pernambuco;../fake-data/blob/hipster.txt;Gostoso action-items
2;Chapéu;../fake-data/blob/hipster.txt;help-desk Ferramentas Loan
3;ouro mission-critical Piauí;../fake-data/blob/hipster.txt;revolutionize Markets
4;Dinamarca;../fake-data/blob/hipster.txt;Designer à
5;compress;../fake-data/blob/hipster.txt;explicit
6;Up-sized index;../fake-data/blob/hipster.txt;Communications bordô
7;connect microchip Investor;../fake-data/blob/hipster.txt;Prático Nauru
8;Digitized;../fake-data/blob/hipster.txt;Card Macio
9;Fantástico;../fake-data/blob/hipster.txt;payment XSS connecting
10;clicks-and-mortar mão;../fake-data/blob/hipster.txt;Manager
